Workbook

Sheet Index
B2: Swag Labs (problem_user) - Test Report | K2: Team Name
B3: One tab per scenario. Click a scenario name to jump to its tab. | K3: Mohamed Abo_elsoud | L3: TL
K4: Ahmed Salama
B5: # | C5: Scenario | D5: Test Cases | E5: Pass | F5: Fail | G5: Blocked | H5: Not Run | K5: Mohamed Ali
B6: 1 | C6: TS-01 - Login | D6: 7 | E6: =COUNTIF(Login!I3:I9,"Pass") -> 7 | F6: =COUNTIF(Login!I3:I9,"Fail") -> 0 | G6: =COUNTIF(Login!I3:I9,"Blocked") -> 0 | H6: =COUNTIF(Login!I3:I9,"Not Run") -> 0 | K6: Ahmed Abdelaziz
B7: 2 | C7: TS-02 - Inventory page | D7: =COUNTA(Inventory!C3:C6) -> 4 | E7: =COUNTIF(Inventory!I3:I6,"Pass") -> 1 | F7: =COUNTIF(Inventory!I3:I6,"Fail") -> 3 | G7: =COUNTIF(Inventory!I3:I6,"Blocked") -> 0 | H7: =COUNTIF(Inventory!I3:I6,"Not Run") -> 0 | K7: Rowaida Ashraf
B8: 3 | C8: TS-03 - Sorting | D8: =COUNTA(Sorting!C3:C6) -> 4 | E8: =COUNTIF(Sorting!I3:I6,"Pass") -> 0 | F8: =COUNTIF(Sorting!I3:I6,"Fail") -> 4 | G8: =COUNTIF(Sorting!I3:I6,"Blocked") -> 0 | H8: =COUNTIF(Sorting!I3:I6,"Not Run") -> 0 | K8: Menna Osama
B9: 4 | C9: TS-04 - Add / Remove (Inventory) | D9: =COUNTA('Add-Remove'!C3:C6) -> 4 | E9: =COUNTIF('Add-Remove'!I3:I6,"Pass") -> 1 | F9: =COUNTIF('Add-Remove'!I3:I6,"Fail") -> 3 | G9: =COUNTIF('Add-Remove'!I3:I6,"Blocked") -> 0 | H9: =COUNTIF('Add-Remove'!I3:I6,"Not Run") -> 0
B10: 5 | C10: TS-05 - Product details | D10: =COUNTA('Product Details'!C3:C5) -> 3 | E10: =COUNTIF('Product Details'!I3:I5,"Pass") -> 1 | F10: =COUNTIF('Product Details'!I3:I5,"Fail") -> 2 | G10: =COUNTIF('Product Details'!I3:I5,"Blocked") -> 0 | H10: =COUNTIF('Product Details'!I3:I5,"Not Run") -> 0
B11: 6 | C11: TS-06 - Cart | D11: =COUNTA(Cart!C3:C6) -> 4 | E11: =COUNTIF(Cart!I3:I6,"Pass") -> 3 | F11: =COUNTIF(Cart!I3:I6,"Fail") -> 1 | G11: =COUNTIF(Cart!I3:I6,"Blocked") -> 0 | H11: =COUNTIF(Cart!I3:I6,"Not Run") -> 0
B12: 7 | C12: TS-07 - Checkout - Your Information | D12: =COUNTA('Checkout Info'!C3:C13) -> 11 | E12: =COUNTIF('Checkout Info'!I3:I13,"Pass") -> 4 | F12: =COUNTIF('Checkout Info'!I3:I13,"Fail") -> 6 | G12: =COUNTIF('Checkout Info'!I3:I13,"Blocked") -> 1 | H12: =COUNTIF('Checkout Info'!I3:I13,"Not Run") -> 0
B13: 8 | C13: TS-08 - Checkout - Overview / Complete | D13: =COUNTA('Checkout Overview'!C3:C4) -> 2 | E13: =COUNTIF('Checkout Overview'!I3:I4,"Pass") -> 0 | F13: =COUNTIF('Checkout Overview'!I3:I4,"Fail") -> 0 | G13: =COUNTIF('Checkout Overview'!I3:I4,"Blocked") -> 2 | H13: =COUNTIF('Checkout Overview'!I3:I4,"Not Run") -> 0
B14: 9 | C14: TS-09 - Menu / Logout | D14: =COUNTA('Menu-Logout'!C3:C4) -> 2 | E14: =COUNTIF('Menu-Logout'!I3:I4,"Pass") -> 2 | F14: =COUNTIF('Menu-Logout'!I3:I4,"Fail") -> 0 | G14: =COUNTIF('Menu-Logout'!I3:I4,"Blocked") -> 0 | H14: =COUNTIF('Menu-Logout'!I3:I4,"Not Run") -> 0
C15: Total | D15: =SUM(D6:D14) -> 41 | E15: =SUM(E6:E14) -> 19 | F15: =SUM(F6:F14) -> 19 | G15: =SUM(G6:G14) -> 3 | H15: =SUM(H6:H14) -> 0
C17: Total bugs | D17: =COUNTA('Bug Report'!A3:A10) -> 8
C18: Go to Bug Report
C19: Go to Screenshots

Sheet Login
A1: TS-01 - Login
A2: Test Scenario ID | B2: Test Scenario | C2: Test Case ID | D2: Test Case | E2: Steps | F2: Precondition | G2: Expected Result | H2: Actual Result | I2: Status
A3: TS-01 | B3: Login | C3: TC-01 | D3: Login with valid username and password | E3: 1. Open saucedemo.com 2. Username: problem_user 3. Password: secret_sauce 4. Click Login | F3: Site is open | G3: User logs in and Inventory page opens | H3: Logged in successfully | I3: Pass
A4: TS-01 | B4: Login | C4: TC-02 | D4: Login with valid username and wrong password | E4: 1. Username: problem_user 2. Password: wrong123 3. Click Login | F4: Site is open | G4: Error: Username and password do not match any user | H4: Login was refused | I4: Pass
A5: TS-01 | B5: Login | C5: TC-03 | D5: Login with empty username and password | E5: 1. Leave both fields empty 2. Click Login | F5: Site is open | G5: Error: Username is required | H5: Error shown: Epic sadface: Username is required | I5: Pass
A6: TS-01 | B6: Login | C6: TC-04 | D6: Login with username only (empty password) | E6: 1. Username: problem_user 2. Leave password empty 3. Click Login | F6: Site is open | G6: Error: Password is required | H6: Error shown: Password is required | I6: Pass
A7: TS-01 | B7: Login | C7: TC-05 | D7: Login with password only (empty username) | E7: 1. Leave username empty 2. Password: secret_sauce 3. Click Login | F7: Site is open | G7: Error: Username is required | H7: Error shown: Username is required | I7: Pass
A8: TS-01 | B8: Login | C8: TC-06 | D8: Login with invalid username and valid password | E8: 1. Username: abc_user 2. Password: secret_sauce 3. Click Login | F8: Site is open | G8: Error: Username and password do not match any user | H8: Error shown: Username and password do not match any user in this service | I8: Pass
A9: TS-01 | B9: Login | C9: TC-07 | D9: Username is case sensitive | E9: 1. Username: PROBLEM_USER 2. Password: secret_sauce 3. Click Login | F9: Site is open | G9: Login refused with mismatch error | H9: Login refused: Username and password do not match any user in this service (username is case sensitive) | I9: Pass

Sheet Inventory
A1: TS-02 - Inventory page
A2: Test Scenario ID | B2: Test Scenario | C2: Test Case ID | D2: Test Case | E2: Steps | F2: Precondition | G2: Expected Result | H2: Actual Result | I2: Status
A3: TS-02 | B3: Inventory page | C3: TC-08 | D3: Each product shows its own image | E3: 1. Login as problem_user 2. View all products on Inventory page | F3: Logged in | G3: Every product shows its own correct image | H3: All products show the same dog image | I3: Fail
A4: TS-02 | B4: Inventory page | C4: TC-09 | D4: Product names and prices are displayed | E4: 1. Login as problem_user 2. Check name and price of each product | F4: Logged in | G4: 6 products with correct names and prices | H4: All 6 products show correct names and prices (Backpack 29.99, Bike Light 9.99, Bolt T-Shirt 15.99, Fleece Jacket 49.99, Onesie 7.99, Test.allTheThings() T-Shirt Red 15.99). Images are wrong - see BUG-001 | I4: Pass
A5: TS-02 | B5: Inventory page | C5: TC-10 | D5: Open product details from product name | E5: 1. Login as problem_user 2. Click a product name | F5: Logged in | G5: Product details page opens with matching name, price, image | H5: Clicking product name opens a different, unrelated product (wrong name, price and image) e.g. Backpack ($29.99) link opened Fleece Jacket ($49.99) | I5: Fail
A6: TS-02 | B6: Inventory page | C6: TC-11 | D6: Open product details from product image | E6: 1. Login as problem_user 2. Click a product image | F6: Logged in | G6: Product details page opens with matching product | H6: Same wrong-product bug as clicking the name - clicking the image also opens an unrelated product | I6: Fail

Sheet Sorting
A1: TS-03 - Sorting
A2: Test Scenario ID | B2: Test Scenario | C2: Test Case ID | D2: Test Case | E2: Steps | F2: Precondition | G2: Expected Result | H2: Actual Result | I2: Status
A3: TS-03 | B3: Sorting | C3: TC-12 | D3: Sort Name (A to Z) | E3: 1. Login as problem_user 2. Choose Name (A to Z) | F3: Logged in | G3: Products ordered A to Z | H3: Order did not change | I3: Fail
A4: TS-03 | B4: Sorting | C4: TC-13 | D4: Sort Name (Z to A) | E4: 1. Login as problem_user 2. Choose Name (Z to A) | F4: Logged in | G4: Products ordered Z to A | H4: Order did not change | I4: Fail
A5: TS-03 | B5: Sorting | C5: TC-14 | D5: Sort Price (low to high) | E5: 1. Login as problem_user 2. Choose Price (low to high) | F5: Logged in | G5: Products ordered by price ascending | H5: Order did not change | I5: Fail
A6: TS-03 | B6: Sorting | C6: TC-15 | D6: Sort Price (high to low) | E6: 1. Login as problem_user 2. Choose Price (high to low) | F6: Logged in | G6: Products ordered by price descending | H6: Order did not change | I6: Fail

Sheet Product Details
A1: TS-05 - Product details
A2: Test Scenario ID | B2: Test Scenario | C2: Test Case ID | D2: Test Case | E2: Steps | F2: Precondition | G2: Expected Result | H2: Actual Result | I2: Status
A3: TS-05 | B3: Product details | C3: TC-20 | D3: Add to cart from product details page | E3: 1. Login as problem_user 2. Open a product 3. Click Add to cart | F3: Logged in | G3: Product added and badge increases | H3: Works only for products that failed from Inventory page; fails for the others | I3: Fail
A4: TS-05 | B4: Product details | C4: TC-21 | D4: Add/Remove state is consistent between Inventory and details | E4: 1. Login as problem_user 2. Compare button state of a product on Inventory vs its details page | F4: Logged in | G4: Same state in both pages | H4: State is reversed between the two pages | I4: Fail
A5: TS-05 | B5: Product details | C5: TC-22 | D5: Back to products button | E5: 1. Login as problem_user 2. Open a product 3. Click Back to products | F5: Logged in | G5: Returns to Inventory page | H5: Back to products button worked correctly, returned to Inventory page | I5: Pass

Sheet Add-Remove
A1: TS-04 - Add / Remove (Inventory)
A2: Test Scenario ID | B2: Test Scenario | C2: Test Case ID | D2: Test Case | E2: Steps | F2: Precondition | G2: Expected Result | H2: Actual Result | I2: Status
A3: TS-04 | B3: Add / Remove (Inventory) | C3: TC-16 | D3: Add to cart for products 1 and 2 and 5 from Inventory | E3: 1. Login as problem_user 2. Click Add to cart on products 1 and 2 and 5 | F3: Logged in | G3: Cart badge increases and button changes to Remove | H3: Badge increased and button changed from Add to cart to Remove for product 1 and 2 and 5 | I3: Pass
A4: TS-04 | B4: Add / Remove (Inventory) | C4: TC-17 | D4: Add to cart for products 3, 4 from Inventory | E4: 1. Login as problem_user 2. Click Add to cart on products 3, 4 | F4: Logged in | G4: Each product is added and badge increases | H4: Button did not respond, badge did not increase | I4: Fail
A5: TS-04 | B5: Add / Remove (Inventory) | C5: TC-18 | D5: Add to cart for product 6 from Inventory | E5: 1. Login as problem_user 2. Click Add to cart on product 6 | F5: Logged in | G5: Product added and badge increases | H5: Add to cart button on product 6 did not respond; cart badge stayed at 1 (same behaviour as products 3,4/ BUG-004) | I5: Fail
A6: TS-04 | B6: Add / Remove (Inventory) | C6: TC-19 | D6: Remove product from Inventory page after adding | E6: 1. Login as problem_user 2. Add a product 3. Try to Remove it from Inventory page | F6: Product added | G6: Button shows Remove and removes the product, badge decreases | H6: No Remove button worked on Inventory page; clicking Remove did not remove the product (same issue as BUG-003) | I6: Fail

Sheet Cart
A1: TS-06 - Cart
A2: Test Scenario ID | B2: Test Scenario | C2: Test Case ID | D2: Test Case | E2: Steps | F2: Precondition | G2: Expected Result | H2: Actual Result | I2: Status
A3: TS-06 | B3: Cart | C3: TC-23 | D3: Remove product from inside the cart | E3: 1. Login as problem_user 2. Add a product 3. Open cart 4. Click Remove | F3: Product in cart | G3: Product removed and badge decreases | H3: Remove works from the cart | I3: Pass
A4: TS-06 | B4: Cart | C4: TC-24 | D4: Cart shows correct products, quantity and price | E4: 1. Login as problem_user 2. Add products 3. Open cart | F4: Products added | G4: Names, quantity and prices match | H4: Cart shows correct product name and price matching what was added | I4: Pass
A5: TS-06 | B5: Cart | C5: TC-25 | D5: Continue Shopping button | E5: 1. Open cart 2. Click Continue Shopping | F5: Logged in | G5: Returns to Inventory page | H5: Continue Shopping button worked correctly, returned to Inventory page | I5: Pass
A6: TS-06 | B6: Cart | C6: TC-26 | D6: Checkout with empty cart | E6: 1. Login as problem_user 2. Open cart without products 3. Click Checkout | F6: Cart is empty | G6: Checkout should be blocked or warn user | H6: Checkout was not blocked; clicking Checkout with an empty cart opened the Your Information page with no warning | I6: Fail

Sheet Checkout Info
A1: TS-07 - Checkout - Your Information
A2: Test Scenario ID | B2: Test Scenario | C2: Test Case ID | D2: Test Case | E2: Steps | F2: Precondition | G2: Expected Result | H2: Actual Result | I2: Status
A3: TS-07 | B3: Checkout - Your Information | C3: TC-27 | D3: Enter first name | E3: 1. Open Checkout 2. Type a name in First Name | F3: Product in cart | G3: First Name accepts the text | H3: First Name field accepts typed text | I3: Pass
A4: TS-07 | B4: Checkout - Your Information | C4: TC-28 | D4: Enter last name | E4: 1. Open Checkout 2. Type a name in Last Name | F4: Product in cart | G4: Last Name accepts the text | H4: Last Name does not accept any input | I4: Fail
A5: TS-07 | B5: Checkout - Your Information | C5: TC-29 | D5: Enter first name then last name | E5: 1. Type Ahmed in First Name 2. Type Salama in Last Name | F5: Product in cart | G5: Each value stays in its own field | H5: Salama moved into First Name, Ahmed erased, Last Name empty | I5: Fail
A6: TS-07 | B6: Checkout - Your Information | C6: TC-30 | D6: Enter zip / postal code | E6: 1. Type 44629 in Zip/Postal Code | F6: Product in cart | G6: Zip accepts the value | H6: Accepted the value | I6: Pass
A7: TS-07 | B7: Checkout - Your Information | C7: TC-31 | D7: Continue with all valid data | E7: 1. Fill First Name, Last Name, Zip 2. Click Continue | F7: Product in cart | G7: Overview page opens | H7: Error: Last Name is required; cannot continue | I7: Fail
A8: TS-07 | B8: Checkout - Your Information | C8: TC-32 | D8: Continue with all fields empty | E8: 1. Leave all fields empty 2. Click Continue | F8: Product in cart | G8: Error: First Name is required | H8: Error shown: First Name is required | I8: Pass
A9: TS-07 | B9: Checkout - Your Information | C9: TC-33 | D9: Continue with First Name empty | E9: 1. Fill Last Name and Zip only 2. Click Continue | F9: Product in cart | G9: Error: First Name is required | H9: Could not type into Last Name field (text jumped to First Name - BUG-006); Continue showed 'Last Name is required', not the expected 'First Name is required' since First Name ended up filled | I9: Fail
A10: TS-07 | B10: Checkout - Your Information | C10: TC-34 | D10: Continue with Last Name empty | E10: 1. Fill First Name and Zip only 2. Click Continue | F10: Product in cart | G10: Error: Last Name is required | H10: Error shown even when Last Name could not be typed | I10: Fail
A11: TS-07 | B11: Checkout - Your Information | C11: TC-35 | D11: Continue with Zip empty | E11: 1. Fill First Name and Last Name only 2. Click Continue | F11: Product in cart | G11: Error: Postal Code is required | H11: Error shown was 'Last Name is required' instead of 'Postal Code is required', because Last Name cannot be filled (BUG-006) and is validated before Zip | I11: Fail
A12: TS-07 | B12: Checkout - Your Information | C12: TC-36 | D12: Letters in Zip field | E12: 1. Type abc in Zip 2. Click Continue | F12: Product in cart | G12: Should be rejected (invalid postal code) | H12: Zip validation could not be verified: after typing abcd in Zip, Continue showed 'Last Name is required' (BUG-006 blocks reaching the zip check) | I12: Blocked
A13: TS-07 | B13: Checkout - Your Information | C13: TC-37 | D13: Cancel button on Your Information page | E13: 1. Click Cancel | F13: Product in cart | G13: Returns to cart | H13: Cancel returned to the Cart page | I13: Pass

Sheet Checkout Overview
A1: TS-08 - Checkout - Overview / Complete
A2: Test Scenario ID | B2: Test Scenario | C2: Test Case ID | D2: Test Case | E2: Steps | F2: Precondition | G2: Expected Result | H2: Actual Result | I2: Status
A3: TS-08 | B3: Checkout - Overview / Complete | C3: TC-38 | D3: Overview shows items, price and tax | E3: 1. Reach Overview page 2. Check items, subtotal, tax, total | F3: Info step passed | G3: Values are correct | H3: Not reachable (blocked by BUG-006) | I3: Blocked
A4: TS-08 | B4: Checkout - Overview / Complete | C4: TC-39 | D4: Finish order | E4: 1. Click Finish on Overview | F4: On Overview page | G4: Thank you for your order page | H4: Not reachable (blocked by BUG-006) | I4: Blocked

Sheet Menu-Logout
A1: TS-09 - Menu / Logout
A2: Test Scenario ID | B2: Test Scenario | C2: Test Case ID | D2: Test Case | E2: Steps | F2: Precondition | G2: Expected Result | H2: Actual Result | I2: Status
A3: TS-09 | B3: Menu / Logout | C3: TC-40 | D3: Logout from menu | E3: 1. Login as problem_user 2. Open menu 3. Click Logout | F3: Logged in | G3: Returns to Login page | H3: Logout worked, returned to the Login page | I3: Pass
A4: TS-09 | B4: Menu / Logout | C4: TC-41 | D4: Open Inventory page without login | E4: 1. Open saucedemo.com/inventory.html directly | F4: Not logged in | G4: Error: You can only access this page when logged in | H4: Error shown: Epic sadface: You can only access '/inventory.html' when you are logged in | I4: Pass

Sheet Bug Report
A1: Bug Report
A2: Bug ID | B2: Title | C2: Environment | D2: Steps to Reproduce | E2: Expected Result | F2: Actual Result | G2: Severity | H2: Priority | I2: Status | J2: Related Test Case | K2: Screenshot
A3: BUG-001 | B3: All product images show the same dog picture | C3: Mobile, Chrome, saucedemo.com, user: problem_user | D3: 1. Login with problem_user / secret_sauce 2. View Inventory page | E3: Each product shows its own image | F3: All products show one dog image | G3: High | H3: High | I3: New | J3: TC-08 | K3: See Screenshots tab (#3, #5)
A4: BUG-002 | B4: Sort does not change product order | C4: Mobile, Chrome, saucedemo.com, user: problem_user | D4: 1. Login 2. Open Sort dropdown 3. Choose each option (A-Z, Z-A, Low-High, High-Low) | E4: Order changes according to the selected option | F4: Order stays the same in all four options | G4: Medium | H4: Medium | I4: New | J4: TC-12 to TC-15 | K4: Attach screenshot
A5: BUG-003 | B5: Remove button does not work on Inventory page (product can only be removed from Cart page | C5: Mobile, Chrome, saucedemo.com, user: problem_user | D5: 1. Login 2. Click Add to cart on a product in Inventory 3. Try to remove it from Inventory / details page | E5: Button becomes Remove and removes the product | F5: Badge increases but button stays Add to cart; product can only be removed from the cart page | G5: High | H5: High | I5: New | J5: TC-19 | K5: Attach screenshot
A6: BUG-004 | B6: Add to cart does not work for products 3, 4 and 6 on Inventory page | C6: Mobile, Chrome, saucedemo.com, user: problem_user | D6: 1. Login 2. Click Add to cart on products 3, 4, 6 | E6: Each product is added and badge increases | F6: Remove button does nothing; product stays in cart and badge does not decrease. Product can only be removed from the Cart page | G6: High | H6: High | I6: New | J6: TC-17, TC-18 | K6: Attach screenshot
A7: BUG-005 | B7: Add to cart state is reversed between Inventory and product details page | C7: Mobile, Chrome, saucedemo.com, user: problem_user | D7: 1. Login 2. Try Add to cart for a product on Inventory 3. Open its details page and try again | E7: Same behaviour in both pages | F7: A product that works from Inventory fails from details page, and the opposite | G7: High | H7: High | I7: New | J7: TC-20, TC-21 | K7: Attach screenshot
A8: BUG-006 | B8: Last Name field does not accept input; typed value goes to First Name and Checkout is blocked | C8: Mobile, Chrome, saucedemo.com, user: problem_user | D8: 1. Add a product and open Checkout 2. Type Ahmed in First Name 3. Type Salama in Last Name 4. Type zip and click Continue | E8: Each value stays in its own field and checkout continues | F8: Salama appears in First Name, Ahmed is erased, Last Name stays empty; error 'Last Name is required'; checkout cannot be completed | G8: High | H8: High | I8: New | J8: TC-28, TC-29, TC-31, TC-34 | K8: See Screenshots tab (#6)
A9: BUG-007 | B9: Clicking a product name or image opens a different, unrelated product | C9: Mobile, Chrome, saucedemo.com, user: problem_user | D9: 1. Login with problem_user / secret_sauce 2. On Inventory page click the name or image of Sauce Labs Backpack | E9: Product details page of the same product (Backpack, $29.99) opens | F9: A different product opens (Sauce Labs Fleece Jacket, $49.99) with its own name, price and image. Same result when clicking the name or the image | G9: High | H9: High | I9: New | J9: TC-10, TC-11 | K9: See Screenshots tab (#4)
A10: BUG-008 | B10: Checkout allowed with an empty cart (no block or warning) | C10: Mobile, Chrome, saucedemo.com, user: problem_user | D10: 1. Login with problem_user / secret_sauce 2. Open cart and remove all products 3. Click Checkout | E10: Checkout should be blocked or a warning shown since the cart is empty | F10: Your Information page opens normally with no warning, allowing checkout with zero items | G10: Low | H10: Low | I10: New | J10: TC-26 | K10: Attach screenshot

Sheet Screenshots
A1: Screenshots
A3: #1 - TC-03: login with empty fields shows the username error | C3: #2 - TC-06: invalid username shows the "do not match any user" error | E3: #3 - BUG-001: Backpack shows a dog image on the Inventory page
A35: #4 - BUG-007: opening the Backpack leads to the Fleece Jacket page ($49.99) | C35: #5 - BUG-001 / TC-09: all 6 products show the same dog image, names and prices are correct | E35: #6 - BUG-006: Last Name stays empty, the typed value goes into the first field
A67: #7 - TC-32: Continue with empty fields shows "First Name is required" | C67: #8 - TC-37: Cancel returns to the Cart page | E67: #9 - TC-41: opening /inventory.html without login is blocked
